Collocation,2013-09-08
KeyWord,φρον
Instances,111
Files,3
Word,Keyword,Log-Likelihood,LR Total,Left Total,Right Total,L5,L4,L3,L2,L1,Key,R1,R2,R3,R4,R5,""
ὁ,φρον,199.602787977085,46,29,17,2,1,2,5,19,0,8,4,2,1,2,"φρονέων-τά (12), φρονέοντι-οἱ (10), φρονέω-τά (3), φρονέων-οἱ (2), φρονεῖν-τῶν (1), φρονέων-ταί (1), φροντίδα-τά (1), φρονέοντα-τόν (1), φρονέοντι-τόν (1), φρονέουσα-τά (1), φρονεῖν-τό (1), φρονεῖν-ὁ (1), φρονέεις-τά (1), φρονεόντων-οἱ (1), φρονεόντων-τόν (1), φρονέων-τοῖς (1), φρονέοντες-τά (1), φρονέουσιν-τούς (1), φροντίζω-τό (1), φρονέων-τούς (1), φρονεῖ-τά (1), φρονέουσι-τήν (1), φροντίδα-τάν (1)"
δέ,φρον,150.606235668994,51,24,27,3,5,3,13,0,0,5,10,3,5,4,"φρονέων-δ' (10), φρονέοντι-δέ (8), φρονέων-δέ (6), φρονέοντες-δέ (4), φρόνεον-δέ (3), φρονέεις-δέ (3), φρονέουσι-δ' (2), φρονέω-δέ (2), φρονεῖν-δ' (2), φρονέουσα-δέ (1), φρονῆι-δ' (1), φρόνεον-δ' (1), φρονεῖν-δέ (1), φρονέοντα-δέ (1), φρονέοντε-δ' (1), φρονέοντες-δ' (1), φρονέοντι-δ' (1), φροντίδι-δ' (1), φροντίδα-δ' (1), φρονέουσιν-δέ (1)"
δοάζω,φρον,147.098016872071,10,0,10,0,0,0,0,0,0,10,0,0,0,0,φρονέοντι-δοάσσατο (10)
ἀγοράομαι,φρον,119.166643870063,10,0,10,0,0,0,0,0,0,10,0,0,0,0,φρονέων-ἀγορήσατο (10)
κερδίων,φρον,113.334178755991,10,0,10,0,0,0,0,0,0,0,10,0,0,0,φρονέοντι-κέρδιον (10)
εἰμί,φρον,100.232159903273,26,9,17,3,1,3,1,1,0,0,1,10,3,3,"φρονέοντι-εἶναι (10), φρονέειν-ἐστε (1), φρόντισον-ἐσσόμεθα (1), φρονῆι-εἴη (1), φρονέων-ἦ (1), φρονέων-εἶναι (1), φρονέοντα-ἐόντα (1), φρονέοντες-εἴατο (1), φρονέουσι-ἔστ' (1), φρονέω-ἔσται (1), φρονέων-ἔσσεται (1), φρονέουσα-εἰμι (1), φρονέοντες-εἰσίν (1), φρονέων-ἔνθ' (1), φρονέων-ἐσσι (1), φροντίζω-εἰσί (1), φρονέων-ἐών (1)"
μετεῖπον,φρον,98.0352246584371,10,0,10,0,0,0,0,0,0,0,0,10,0,0,"φρονέων-μετέειπεν (7), φρονέων-μετέειπε (3)"
ὅτι,φρον,88.8686513006687,17,13,4,0,0,10,3,0,0,2,1,0,1,0,"φρονέων-ὅ (12), φρονέεις-ὅ (3), φρονεόντων-ὅ (1), φρονέων-ὅτι (1)"
καί,φρον,87.2806261768565,29,9,20,3,2,4,0,0,0,2,12,2,1,3,"φρονέων-καί (17), φρονέοντι-καί (2), φρονέοντα-καί (2), φρόντισον-καί (2), φρονέουσα-καί (2), φρονέω-καί (1), φρονέειν-καί (1), φρονέῃσι-καί (1), φρονέοντες-καί (1)"
κακός,φρον,74.6009686179459,12,11,1,0,0,1,0,10,0,1,0,0,0,0,"φρονέων-κακά (7), φροντίδες-κακόν (1), φρονέουσιν-κακά (1), φρονέων-κακόν (1), φρονέουσι-κακά (1), φρονέοντες-κακά (1)"
ὧδε,φρον,72.3173292651772,9,9,0,1,0,8,0,0,0,0,0,0,0,0,"φρονέοντι-ὧδε (8), φρονέουσα-ὧδ' (1)"
σφεῖς,φρον,67.1860787821934,10,10,0,0,0,0,10,0,0,0,0,0,0,0,φρονέων-σφιν (10)
νοήμων,φρόνιος,64.2427644794807,3,0,3,0,0,0,0,0,0,3,0,0,0,0,"φρονίοιο-νοήμων (2), φρονίοιο-νοήμονα (1)"
ἐΰ,φρον,62.4403952304274,7,7,0,0,0,0,0,7,0,0,0,0,0,0,"φρονέων-ἐΰ (6), φρονέῃσι-ἐΰ (1)"
ὅς,φρον,60.8438148861751,17,12,5,3,2,6,0,1,0,3,0,0,1,1,"φρονέων-οἵ (2), φρόνεον-οἵ (2), φρονέοντες-οἵ (2), φρονέων-ἅ (2), φρονῆι-ὅς (1), φρονέων-ἥν (1), φρονέων-ὅν (1), φρονέοντε-ὥ (1), φρονέων-ᾧ (1), φροντίς-ὅς (1), φρονέω-ᾗ (1), φρονέων-οἷσιν (1), φρονέεις-ἅ (1)"
τελέω,φρον,49.5015425030142,7,2,5,0,1,1,0,0,0,3,0,0,2,0,"φρονέεις-τελέσαι (3), φρονέω-τετελεσμένον (1), φρονέων-ἐτέλεσσεν (1), φρονέων-ἐτέλεσσε (1), φρονέοντι-τελέσειεν (1)"
φῖλος,φρον,47.7806079378352,6,6,0,0,0,0,0,6,0,0,0,0,0,0,"φρονέων-φίλα (3), φρονέῃς-φίλα (2), φρονέουσα-φίλα (1)"
θυμός,φρον,46.5912969503552,10,2,8,0,1,0,1,0,0,0,3,2,3,0,"φρονέεις-θυμός (3), φρονέων-θυμῷ (2), φρονέῃς-θυμῷ (2), φρονέων-θυμόν (1), φρονέουσι-θυμόν (1), φρονέω-θυμόν (1)"
“γινώσκω,φρον,45.9518743697554,3,3,0,0,0,0,0,3,0,0,0,0,0,0,φρονέω-“γινώσκω (3)
ἐν,φρον,44.2025656402111,14,6,8,2,1,3,0,0,0,3,4,1,0,0,"φρονέων-ἐν (4), φρονέων-ἐνί (2), φρονέοντες-ἐν (2), φρονέῃς-ἐνί (2), φρονέοντε-ἐν (1), φρονεόντων-ἐν (1), φρονέοντες-ἐνί (1), φρονέουσα-ἐν (1)"
μέγας,φρον,39.7670761039481,9,9,0,1,0,0,0,8,0,0,0,0,0,0,"φρονέων-μέγα (3), φρονέοντε-μέγα (3), φρονέοντες-μέγα (2), φρονέεις-μεγάλοιο (1)"
οὐ,φρον,37.9522515628487,11,4,7,1,2,0,1,0,0,0,2,3,1,1,"φρονέων-οὐκ (2), φρονέοντες-οὐκ (2), φρονέων-οὐ (1), φροντίς-οὐκ (1), φρονέουσι-οὐκ (1), φρονέοντες-οὐ (1), φρονέοντα-οὔ (1), φρονέων-οὔ (1), φρονέειν-οὔ (1)"
τρώς,φρον,37.8140599578619,8,3,5,0,0,0,3,0,0,1,0,1,3,0,"φρονέων-τρωσί (3), φρονέων-τρώεσσι (2), φρόνεον-τρῶες (1), φρονέοντε-τρῶας (1), φρονέοντες-τρωσί (1)"
τε,φρον,36.0385297918692,16,7,9,3,1,0,1,2,0,2,3,1,3,0,"φρονέων-τε (5), φρονέειν-τε (2), φρονέων-θ' (1), φρονέῃσι-τ' (1), φρονεόντων-τ' (1), φρονέων-τ' (1), φρονεῖν-τε (1), φρονέω-τε (1), φρονέοντι-τε (1), φρονέεις-τ' (1), φρονέοντε-τ' (1)"
υἱός,φρόνιος,35.6404271442443,3,2,1,0,0,0,0,2,0,0,0,1,0,0,"φρονίοιο-υἱός (2), φρονίοιο-υἱόν (1)"
“κέκλυτε,φρον,33.7411108566448,3,0,3,0,0,0,0,0,0,0,0,0,3,0,φρονέων-“κέκλυτε (3)
βαίνω,φρον,33.665292433463,6,1,5,0,0,0,0,1,0,3,0,0,2,0,"φρονέων-ἐβεβήκει (3), φρονέοντι-βῆναι (2), φρόνεον-βέβασαν (1)"
ἐγώ,φρον,33.5382376238704,12,5,7,0,2,0,1,2,0,0,1,5,0,1,"φρονέεις-με (3), φρονέων-ἐγώ (2), φρονέεις-ἐγώ (1), φρονέων-μοι (1), φροντίζω-μοι (1), φρονέουσα-μοι (1), φρονέοντα-μοι (1), φρονέω-με (1), φρονέοντι-μοι (1)"
ἰθύς,φρον,33.1449482664466,4,3,1,0,1,0,0,2,0,1,0,0,0,0,"φρονέων-ἰθύς (2), φρονέειν-ἰθύν (1), φρόνεον-ἰθύς (1)"
πέρ,φρον,32.8527212059125,7,3,4,0,0,0,1,2,0,0,0,2,2,0,"φρονεόντων-περ (2), φρονέων-περ (2), φρονέεις-περ (1), φρονεῖ-περ (1), φρονέω-περ (1)"
μέν,φρον,32.5573674356565,11,7,4,2,1,1,1,2,0,0,1,2,0,1,"φρονέων-μέν (6), φρονέουσι-μέν (1), φρονεῖν-μέν (1), φρονέουσιν-μέν (1), φρονεῖ-μέν (1), φρονέοντες-μέν (1)"
εὖ,φρον,30.7062715822831,5,5,0,0,0,0,0,5,0,0,0,0,0,0,"φρονέων-ἐύ (4), φρονέων-εὖ (1)"
τοι,φρον,29.4118505828083,8,3,5,0,3,0,0,0,0,0,0,2,1,2,"φρονέῃς-τοι (4), φρονέων-τοί (2), φρονέων-τοι (1), φρονέουσα-τοι (1)"
ὡς,φρον,28.9136684415862,10,3,7,1,0,2,0,0,0,0,4,3,0,0,"φρονέων-ὥς (4), φρονέοντε-ὥς (2), φρονέοντι-ὥς (2), φρονέω-ὡς (1), φρονέουσι-ὥς (1)"
ἀγαθός,φρον,28.4908636920154,5,5,0,0,1,0,0,4,0,0,0,0,0,0,"φρονέων-ἀγαθά (2), φρονέουσα-ἀγαθά (1), φρονέοντα-ἀγαθά (1), φρονέων-ἀγαθῇσιν (1)"
τις,φρον,25.9540087562054,8,7,1,3,0,1,0,3,0,0,0,0,1,0,"φρονέεις-τι (5), φρονέων-τι (1), φρονέουσιν-τι (1), φρονέοντα-τι (1)"
ἐνορούω,φρον,25.073817008175,2,0,2,0,0,0,0,0,0,2,0,0,0,0,"φρονέων-ἐνόρουσε (1), φρονέων-ἐνορούσῃ (1)"
ἐλπωρή,φρον,25.073817008175,2,0,2,0,0,0,0,0,0,0,0,0,2,0,φρονέῃς-ἐλπωρή (2)
νοέω,φρον,24.8224240792915,4,0,4,0,0,0,0,0,0,1,0,0,3,0,"φρονέω-νοέοντι (3), φρονέων-νοέοντι (1)"
ἐπί,φρον,24.1904643839225,8,4,4,4,0,0,0,0,0,1,1,0,0,2,"φρονέοντι-ἐπ' (2), φρονέων-ἐπί (1), φρονέων-ἔπι (1), φρονέοντες-ἐπί (1), φρονέειν-ἐπ' (1), φρόντισον-ἐπ' (1), φρονέοντι-ἐπί (1)"
θαμίζω,φρον,23.8898178096861,2,2,0,0,2,0,0,0,0,0,0,0,0,0,φρονέεις-θαμίζεις (2)
ἄν,φρον,23.1523793842643,8,5,3,3,1,1,0,0,0,0,0,0,0,3,"φρονέῃς-κέν (2), φρονέων-κ' (1), φρονέων-κεν (1), φρονέουσα-κε (1), φροντίδα-κεν (1), φρονῆι-κ' (1), φροντίδες-κα (1)"
ἀγέρεσθαι,φρόνιος,22.97932361532,1,1,0,1,0,0,0,0,0,0,0,0,0,0,φρονίοιο-ἀγέρεσθαι (1)
ὁ,φρόνιος,22.9565468179062,3,3,0,0,0,3,0,0,0,0,0,0,0,0,"φρονίοιο-τοῖς (1), φρονίοιο-τόν (1), φρονίοιο-ἡ (1)"
τυγχάνω,φρον,22.941499424167,3,2,1,1,1,0,0,0,0,0,1,0,0,0,"φροντίδα-τυχών (1), φρονέων-τύχῃ (1), φροντίδι-τυχεῖν (1)"
ἐμός,φρον,22.9384033950046,6,4,2,1,0,0,1,2,0,1,1,0,0,0,"φρονέω-ἐμόν (1), φρονέουσα-ἐμοί (1), φρόντισον-ἐμόν (1), φρονέοντι-ἐμοί (1), φρονεῖν-ἐμέ (1), φρονέοντες-ἐμοί (1)"
νόος,φρον,22.5923111196607,4,3,1,0,1,2,0,0,0,1,0,0,0,0,"φρονεόντων-νόον (2), φροντίσιν-νόον (1), φρονεῖ-νόος (1)"
κελεύω,φρον,22.5103861708194,4,1,3,0,0,1,0,0,0,0,0,0,0,3,"φρονέω-κελεύεις (3), φρονέων-κελεύων (1)"
οὐδέ,φρον,22.2156779281795,7,3,4,1,2,0,0,0,0,1,1,2,0,0,"φρονέουσιν-οὐδέ (2), φρονέων-οὐδέ (1), φρονέοντε-οὐδ' (1), φρονέοντα-οὐδέ (1), φρονέοντες-οὐδ' (1), φροντίδες-οὐδέ (1)"
ὦ,φρον,20.9998929537833,4,1,3,0,1,0,0,0,0,0,0,0,2,1,"φρονέων-ὦ (3), φροντίς-ὤ (1)"
πρόσθεν,φρον,20.3620522459969,3,2,1,0,1,1,0,0,0,0,0,1,0,0,"φροντίζω-πρόσθεν (1), φροντίδι-πρόσθε (1), φρονέων-πρόσθεν (1)"
παρίστημι,φρον,20.1425754362717,3,1,2,0,1,0,0,0,0,2,0,0,0,0,"φρονέοντι-παρίστατο (1), φρονέουσα-παρέστης (1), φρονέων-παραστάς (1)"
“αὐτός,φρόνιος,19.1602715812624,1,0,1,0,0,0,0,0,0,0,0,0,1,0,φρονίοιο-“αὐτός (1)
αὐδάω,φρον,19.1541387643665,3,3,0,0,0,3,0,0,0,0,0,0,0,0,φρονέεις-αὔδα (3)
ζεύς,φρον,19.0582215720788,6,1,5,0,0,1,0,0,0,1,1,2,1,0,"φρονέουσα-διός (1), φρονέω-διός (1), φρονέων-ζεύς (1), φρονέουσιν-ζεύς (1), φρονέων-δῖος (1), φρονέω-δῖος (1)"
ἀλλά,φρον,18.7499014781788,7,5,2,0,0,0,5,0,0,0,0,1,0,1,"φρονέων-ἀλλά (2), φρονῆι-ἀλλ' (1), φρονέουσι-ἀλλά (1), φρονέεις-ἀλλ' (1), φρονέουσα-ἀλλ' (1), φρονέων-ἀλλ' (1)"
πύκα,φρον,18.5736298598349,2,2,0,0,0,0,2,0,0,0,0,0,0,0,φρονεόντων-πύκα (2)
γάρ,φρον,18.1820705616847,7,6,1,1,2,1,0,2,0,0,0,0,1,0,"φρονέων-γάρ (3), φρονέουσα-γάρ (1), φρονέω-γάρ (1), φρονεῖ-γάρ (1), φρονέεις-γάρ (1)"
ὀδυσσεύς,φρον,18.1346277548,5,4,1,0,1,1,2,0,0,0,0,0,0,1,"φρονέω-ὀδυσσεύς (2), φρονέων-ὀδυσεύς (1), φρονέοντι-ὀδυσῆα (1), φρονέων-ὀδυσσεύς (1)"
',φρον,17.8462564609945,2,0,2,0,0,0,0,0,0,2,0,0,0,0,φρονέῃς-' (2)
δέ,φρόνιος,17.8069816539064,3,3,0,0,0,0,3,0,0,0,0,0,0,0,φρονίοιο-δ' (3)
ἐκεῖνος,φρον,17.4356719795614,3,3,0,0,1,2,0,0,0,0,0,0,0,0,"φρονέῃς-κείνη (2), φρονέων-κεῖνος (1)"
ὀρούω,φρον,17.2319272300228,2,1,1,1,0,0,0,0,0,1,0,0,0,0,"φροντίδα-ὀρούει (1), φρονέοντες-ὄρουσαν (1)"
πρότερος,φρον,17.142628503032,4,1,3,0,0,0,1,0,0,0,0,0,3,0,"φρονέοντι-πρῶτον (1), φροντίζω-προτέρην (1), φρονέων-πρώτοισι (1), φρονέοντι-πρῶτ' (1)"
ἄνωγα,φρον,16.960348517634,3,0,3,0,0,0,0,0,0,0,0,0,0,3,φρονέεις-ἄνωγεν (3)
ἄρα,φρον,16.9540750170127,7,5,2,0,1,0,4,0,0,0,1,0,0,1,"φρονέοντι-ἄρα (3), φρονεόντων-ῥά (1), φρονέοντι-ῥ' (1), φρονέων-ῥ' (1), φρονέων-ἄρ' (1)"
οἶδα,φρον,16.6425583129749,4,2,2,0,1,1,0,0,0,0,0,1,0,1,"φρόντισον-ἴσθι (1), φρονέεις-οἶδε (1), φροντίς-ἰδυῖα (1), φρονέων-εἰδώς (1)"
χράω,φρον,16.381805232726,2,2,0,2,0,0,0,0,0,0,0,0,0,0,"φρονέων-κεχρημένος (1), φρονέων-κέχρητ' (1)"
οὗτος,φρον,15.9686208423227,4,3,1,0,0,2,1,0,0,1,0,0,0,0,"φρονέοντι-ταῦτ' (1), φρονέω-ταύτης (1), φροντίζω-τούτων (1), φρονέων-ταῦτα (1)"
κρόνος,φρον,15.6826504888013,2,1,1,0,1,0,0,0,0,0,1,0,0,0,"φρονέοντε-κρόνου (1), φρονέεις-κρόνοιο (1)"
ἐ,φρον,15.5565531235188,2,0,2,0,0,0,0,0,0,1,0,0,0,1,"φρονέοντι-ἐ (1), φρονέων-ἐ (1)"
ἀλλήλων,φρον,15.5360820218921,3,1,2,0,1,0,0,0,0,0,2,0,0,0,"φρονέουσι-ἀλλήλοισιν (1), φρόντισον-ἀλλήλοις (1), φρονέοντες-ἀλλήλοισιν (1)"
πˈρέπει,φρον,15.2998738111928,1,1,0,0,0,1,0,0,0,0,0,0,0,0,φρονεῖν-πˈρέπει (1)
λῶια,φρον,15.2998738111928,1,1,0,0,0,0,0,1,0,0,0,0,0,0,φρονῆι-λῶια (1)
λάχνος,φρον,15.2998738111928,1,1,0,1,0,0,0,0,0,0,0,0,0,0,φρονέοντι-λάχνῳ (1)
ἐγρηγορόων,φρον,15.2998738111928,1,0,1,0,0,0,0,0,0,0,0,0,1,0,φρονέων-ἐγρηγορόων (1)
ἀμευσιεπής,φρον,15.2998738111928,1,1,0,0,0,0,0,1,0,0,0,0,0,0,φροντίδα-ἀμευσιεπῆ (1)
ἐπαμερίων,φρον,15.2998738111928,1,0,1,0,0,0,0,0,0,1,0,0,0,0,φροντίς-ἐπαμερίων (1)
διαπειράομαι,φρον,15.2998738111928,1,1,0,0,0,0,1,0,0,0,0,0,0,0,φρονέων-διαπειρηθῆναι (1)
μέτοικος,φρον,15.2998738111928,1,0,1,0,0,0,0,0,0,1,0,0,0,0,φροντίδα-πέδοικος (1)
ἀλθαία,φρον,15.2998738111928,1,0,1,0,0,0,0,0,0,0,0,0,0,1,φρονεόντων-ἀλθαίῃ (1)
οὗτέ,φρον,15.2998738111928,1,0,1,0,0,0,0,0,0,0,1,0,0,0,φρονεῖ-οὗτέ (1)
ἐϋμμελίαι,φρον,15.2998738111928,1,1,0,0,0,0,0,1,0,0,0,0,0,0,φρονέουσιν-ἐϋμμελίαι (1)
ἔπαλπνος,φρον,15.2998738111928,1,0,1,0,0,0,0,0,0,0,0,0,0,1,φρονέων-ἔπαλπνος (1)
μάχεσθαί,φρον,15.2998738111928,1,1,0,0,0,0,1,0,0,0,0,0,0,0,φρονέειν-μάχεσθαί (1)
αιωι,φρον,15.2998738111928,1,0,1,0,0,0,0,0,0,0,0,0,0,1,φροντίδες-αιωι (1)
_γλώσσᾳ,φρον,15.2998738111928,1,0,1,0,0,0,0,0,0,1,0,0,0,0,φρονεῖν-_γλώσσᾳ (1)
_αθ,φρον,15.2998738111928,1,0,1,0,0,0,0,0,0,0,1,0,0,0,φροντίδες-_αθ (1)
“νήπιοι,φρον,15.2998738111928,1,1,0,0,0,1,0,0,0,0,0,0,0,0,φρονέοντες-“νήπιοι (1)
παρθενήϊα,φρον,15.2998738111928,1,1,0,0,0,0,1,0,0,0,0,0,0,0,φρονεῖν-παρθενήϊα (1)
τείσανδρος,φρον,15.2998738111928,1,1,0,0,0,0,1,0,0,0,0,0,0,0,φροντίδα-τείσανδρον (1)
‘ἴσχεσθ',φρον,15.2998738111928,1,0,1,0,0,0,0,0,0,0,0,0,1,0,φρονέων-‘ἴσχεσθ' (1)
μητί̆ονται,φρον,15.2998738111928,1,0,1,0,0,0,0,0,0,1,0,0,0,0,φροντίδι-μητί̆ονται (1)
πῖδαξ,φρον,15.2998738111928,1,0,1,0,0,0,0,0,0,0,1,0,0,0,φρονέοντε-πίδακος (1)
σφῆκος,φρον,15.2998738111928,1,0,1,0,0,0,0,0,0,0,0,0,1,0,φρονέοντες-σφήκεσσιν (1)
ρπόν,φρον,15.2998738111928,1,1,0,0,1,0,0,0,0,0,0,0,0,0,φροντίδες-ρπόν (1)
μετά-ἧμαι,φρον,15.2998738111928,1,0,1,0,0,0,0,0,0,0,1,0,0,0,φρονέων-μεθήμενος (1)
ρέποντε,φρον,15.2998738111928,1,1,0,0,0,0,1,0,0,0,0,0,0,0,φροντίδες-ρέποντε (1)
ὑπέρβασις,φρον,15.2998738111928,1,0,1,0,0,0,0,0,0,0,0,0,1,0,φρόντισον-ὑπέρβασιν (1)
στρέψις,φρον,15.2998738111928,1,0,1,0,0,0,0,0,0,0,0,0,1,0,φρονέοντι-στρέψ' (1)
αἰτέω,φρόνιος,14.6658529229462,1,0,1,0,0,0,0,0,0,0,0,0,1,0,φρονίοιο-ᾔτεε (1)
τίς,φρον,14.4935665335506,5,3,2,2,0,0,1,0,0,0,0,2,0,0,"φρονεῖ-τοῦ (1), φρονέοντες-τί (1), φρονέοντα-τί (1), φρονέω-τί (1), φρονέων-τοῖσι (1)"
μάχομαι,φρον,14.4251650962979,3,0,3,0,0,0,0,0,0,2,0,1,0,0,"φρονέοντε-μάχεσθον (2), φρόνεον-μάχεσθαι (1)"
ἑκών,φρόνιος,14.3515069987625,1,0,1,0,0,0,0,0,0,0,0,0,0,1,φρονίοιο-ἑκών (1)
μυθέω,φρον,14.1177573101595,2,2,0,0,1,1,0,0,0,0,0,0,0,0,"φρονέων-μυθεῖτ' (1), φρονέων-μυθήσασθαι (1)"
χειρόω,φρον,14.0326594142243,2,1,1,1,0,0,0,0,0,0,1,0,0,0,"φρόνεον-χειρῶν (1), φρονέων-χείρων (1)"
μνηστήρ,φρον,14.0160637078807,3,2,1,0,1,0,1,0,0,1,0,0,0,0,"φρονέων-μνηστῆρσι (2), φρονέοντες-μνηστῆρες (1)"
ἶσος,φρον,13.8678248859942,2,2,0,0,0,0,2,0,0,0,0,0,0,0,"φρονέειν-ἶς' (1), φρονέουσα-ἶσον (1)"
πόποι,φρον,13.7096626032144,2,1,1,0,0,1,0,0,0,0,0,0,0,1,"φροντίς-πόποι (1), φρονέων-πόποι (1)"
γε,φρον,13.684071732685,5,2,3,0,0,0,2,0,0,0,3,0,0,0,"φρονέω-γε (3), φρονέῃς-γε (2)"
τρίς,φρον,13.5576589247212,2,0,2,0,0,0,0,0,0,0,1,0,1,0,φρονέων-τρίς (2)
ἐγγύθεν,φρόνιος,13.4810541393235,1,0,1,0,0,0,0,0,0,0,1,0,0,0,φρονίοιο-ἐγγύθεν (1)
αὐτός,φρον,13.4759295647964,5,2,3,1,1,0,0,0,0,0,1,1,1,0,"φρονέων-αὐτῷ (2), φρονέων-αὐτός (2), φρονέουσα-αὐτή (1)"
ἀντίνοος,φρόνιος,13.3012160314247,1,0,1,0,0,0,0,0,0,0,0,0,1,0,φρονίοιο-ἀντίνοον (1)
σεύω,φρον,13.270350263454,2,0,2,0,0,0,0,0,0,0,1,0,1,0,"φροντίσιν-σύτο (1), φρονέων-σευάμενος (1)"
ἔξοχος,φρόνιος,13.1762202586979,1,1,0,1,0,0,0,0,0,0,0,0,0,0,φρονίοιο-ἔξοχ' (1)
ἐπέρχομαι,φρον,12.6923464676365,2,2,0,1,0,0,0,1,0,0,0,0,0,0,"φρονέων-ἐπελθών (1), φροντίδες-ἐπερχόμενον (1)"
φαίδιμος,φρόνιος,12.6783033218235,1,0,1,0,0,0,0,0,0,0,1,0,0,0,φρονίοιο-φαίδιμον (1)
ἀνάζω,φρον,12.6331306956708,2,2,0,0,1,0,1,0,0,0,0,0,0,0,"φρονέων-ἀνάσσοι (1), φρονέων-ἄνασσεν (1)"
ἐλεητύς,φρον,12.5282333465293,1,0,1,0,0,0,0,0,0,0,0,0,1,0,φρονέοντες-ἐλεητύν (1)
κρυπτάδιος,φρον,12.5282333465293,1,1,0,0,0,0,0,1,0,0,0,0,0,0,φρονέοντα-κρυπτάδια (1)
ὁμόφρων,φρον,12.5282333465293,1,1,0,1,0,0,0,0,0,0,0,0,0,0,φρονέουσι-ὁμόφρονα (1)
ὑπερήνωρ,φρον,12.5282333465293,1,0,1,0,0,0,0,0,0,0,0,0,0,1,φρονέουσιν-ὑπερήνορος (1)
“ἀλκίνο',φρον,12.5282333465293,1,0,1,0,0,0,0,0,0,0,0,0,1,0,φρονέων-“ἀλκίνο' (1)
θρήϊκας,φρον,12.5282333465293,1,0,1,0,0,0,0,0,0,0,0,0,1,0,φρονέων-θρήϊκας (1)
νάξιος,φρον,12.5282333465293,1,1,0,0,0,1,0,0,0,0,0,0,0,0,φροντίδα-νάξιον (1)
ἠΰς,φρον,12.5282333465293,1,0,1,0,0,0,0,0,0,0,0,0,0,1,φρονέοντι-ἠΰς (1)
δηΐῳ,φρον,12.5282333465293,1,0,1,0,0,0,0,0,0,0,1,0,0,0,φρονέουσα-δηΐῳ (1)
ἀπηλεγέως,φρον,12.5282333465293,1,1,0,1,0,0,0,0,0,0,0,0,0,0,φρονέω-ἀπηλεγέως (1)
πλεκτός,φρον,12.5282333465293,1,0,1,0,0,0,0,0,0,1,0,0,0,0,φρονέοντες-πλεκτοῖς (1)
ἐξόλλυμι,φρον,12.5282333465293,1,0,1,0,0,0,0,0,0,0,0,0,1,0,φρονέουσιν-ἐξολέσειε (1)
ἐφημέριος,φρον,12.5282333465293,1,1,0,0,0,0,0,1,0,0,0,0,0,0,φρονέοντες-ἐφημέρια (1)
οῖς,φρον,12.5282333465293,1,0,1,0,0,0,0,0,0,0,0,1,0,0,φρονέων-οῖς (1)
λαός,φρον,12.4025704553351,3,1,2,0,1,0,0,0,0,0,0,0,0,2,"φρονέοντι-λαῶν (1), φρονέων-λαούς (1), φρονέειν-λαόν (1)"
ἀνήρ,φρον,12.0547131504864,5,0,5,0,0,0,0,0,0,0,1,0,2,2,"φρονέῃσι-ἀνδράσι (1), φρονέοντι-ἀνέρι (1), φρονέων-ἄνδρας (1), φρονέοντε-ἀνδράσιν (1), φρονεῖν-ἀνδρός (1)"
ὄφρα,φρον,11.8108279723674,3,1,2,0,1,0,0,0,0,0,0,1,1,0,"φρονέοντι-ὄφρ' (1), φρονέων-ὄφρα (1), φρονέοντες-ὄφρ' (1)"
αὐδάω,φρόνιος,11.8008352154866,1,0,1,0,0,0,0,0,0,0,0,1,0,0,φρονίοιο-ηὔδα (1)
τάλαρος,φρον,11.482685321942,1,0,1,0,0,0,0,0,0,0,0,1,0,0,φρονέοντες-ταλάροισι (1)
ὀΐεσσι,φρον,11.482685321942,1,1,0,0,0,0,1,0,0,0,0,0,0,0,φρονέων-ὀΐεσσι (1)
θηρευτός,φρον,11.482685321942,1,1,0,0,0,0,1,0,0,0,0,0,0,0,φρονέοντε-θηρευτῇσι (1)
προσαΐξας,φρον,11.482685321942,1,1,0,1,0,0,0,0,0,0,0,0,0,0,φρονέοντι-προσαΐξας (1)
κατατρύχω,φρον,11.482685321942,1,0,1,0,0,0,0,0,0,0,1,0,0,0,φρονέων-κατατρύχω (1)
ἠΐθεοι,φρον,11.482685321942,1,1,0,0,0,0,1,0,0,0,0,0,0,0,φρονέοντες-ἠΐθεοι (1)
ἀντίος,φρόνιος,11.2387260133401,1,0,1,0,0,0,0,0,0,0,1,0,0,0,φρονίοιο-ἀντίον (1)
ἄνωγα,φρόνιος,11.0629856400192,1,1,0,0,1,0,0,0,0,0,0,0,0,0,φρονίοιο-ἀνώγει (1)
ὑψίζυγος,φρον,10.8040374396369,1,1,0,1,0,0,0,0,0,0,0,0,0,0,φρονέων-ὑψίζυγος (1)
πότης,φρον,10.8040374396369,1,0,1,0,0,0,0,0,0,0,0,0,1,0,φρόνεον-πότι (1)
παρθενική,φρον,10.8040374396369,1,1,0,1,0,0,0,0,0,0,0,0,0,0,φρονέοντες-παρθενικαί (1)
σλ,φρον,10.8040374396369,1,0,1,0,0,0,0,0,0,0,1,0,0,0,φρονέων-σλ (1)
δῆνος,φρον,10.8040374396369,1,1,0,0,1,0,0,0,0,0,0,0,0,0,φρονέεις-δήνεα (1)
πεινάω,φρον,10.8040374396369,1,1,0,0,0,0,1,0,0,0,0,0,0,0,φρονέοντε-πεινάοντε (1)
ἀταλός,φρον,10.8040374396369,1,1,0,0,0,0,0,1,0,0,0,0,0,0,φρονέοντες-ἀταλά (1)
ἀρήγων,φρον,10.8040374396369,1,0,1,0,0,0,0,0,0,0,0,1,0,0,φρονέων-ἀρήγων (1)
ἔχθος,φρον,10.8040374396369,1,0,1,0,0,0,0,0,0,1,0,0,0,0,φρόντισον-ἔχθος (1)
βουλή,φρον,10.690321572125,2,2,0,0,2,0,0,0,0,0,0,0,0,0,"φρονέων-βουλή (1), φρονέων-βουλήν (1)"
ἤτοι,φρον,10.551207229495,2,0,2,0,0,0,0,0,0,1,0,0,0,1,"φρονέων-ἤτοι (1), φρονεόντων-ἤτοι (1)"
ἄριστος,φρόνιος,10.4936652528122,1,1,0,0,1,0,0,0,0,0,0,0,0,0,φρονίοιο-ἄριστοι (1)
ἀγροιώτης,φρον,10.2996426308528,1,1,0,0,0,0,1,0,0,0,0,0,0,0,φρονέοντες-ἀγροιῶται (1)
ἀπίη,φρον,10.2996426308528,1,0,1,0,0,0,0,0,0,0,0,0,1,0,φρονέων-ἀπίης (1)
ὁμοκλέω,φρον,10.2996426308528,1,1,0,1,0,0,0,0,0,0,0,0,0,0,φρονέοντι-ὁμοκλήσειεν (1)
ἄγγελός,φρον,10.2996426308528,1,0,1,0,0,0,0,0,0,0,0,0,1,0,φρονέουσα-ἄγγελός (1)
πάνθος,φρον,10.2996426308528,1,1,0,0,0,1,0,0,0,0,0,0,0,0,φρονέουσιν-πάνθου (1)
στείνω,φρον,10.2996426308528,1,1,0,0,1,0,0,0,0,0,0,0,0,0,φρονέοντι-στεινόμενος (1)
δόλοψ,φρον,10.2996426308528,1,0,1,0,0,0,0,0,0,0,0,0,0,1,φροντίς-δολόπων (1)
οἷσί,φρον,10.2996426308528,1,1,0,0,0,1,0,0,0,0,0,0,0,0,φρονέῃσι-οἷσί (1)
πότε,φρον,10.040899137035,2,1,1,0,0,1,0,0,0,0,0,1,0,0,"φρονέων-ποτε (1), φρονέειν-ποτε (1)"
δή,φρον,9.94406863953918,4,1,3,0,0,0,0,1,0,0,0,3,0,0,φρονέω-δή (4)
ὑψιβρεμέτης,φρον,9.89788063429296,1,0,1,0,0,0,0,0,0,0,0,1,0,0,φρονέων-ὑψιβρεμέτης (1)
λυάω,φρον,9.89788063429296,1,0,1,0,0,0,0,0,0,0,0,0,1,0,φρονέῃσι-λύει (1)
et,φρον,9.89788063429296,1,0,1,0,0,0,0,0,0,0,1,0,0,0,φροντίδα-et (1)
ἄστυ,φρον,9.83769301977009,2,1,1,0,0,0,1,0,0,0,0,1,0,0,"φρονέων-ἄστυ (1), φρόνεον-ἄστυ (1)"
πάτροκλος,φρον,9.64494405407459,2,2,0,0,1,0,1,0,0,0,0,0,0,0,"φρονέων-πάτροκλος (1), φρόνεον-πατρόκλῳ (1)"
ἵππος,φρον,9.60598537325859,3,0,3,0,0,0,0,0,0,1,0,0,0,2,"φρονέων-ἵπποι (1), φρονέων-ἵππους (1), φρονέων-ἵππος (1)"
κραταιός,φρον,9.56393496226519,1,0,1,0,0,0,0,0,0,0,0,0,1,0,φρονέοντε-κραταιώ (1)
παῖδά,φρον,9.56393496226519,1,0,1,0,0,0,0,0,0,0,0,0,0,1,φρονέων-παῖδά (1)
ὄπις,φρον,9.56393496226519,1,1,0,0,0,0,0,1,0,0,0,0,0,0,φρονέοντες-ὄπιδα (1)
στέαρ,φρον,9.56393496226519,1,0,1,0,0,0,0,0,0,0,1,0,0,0,φρονέειν-στῆτ' (1)
παράκειμαι,φρον,9.56393496226519,1,0,1,0,0,0,0,0,0,0,0,0,1,0,φρονεῖν-παρκείμενον (1)
φλέγω,φρον,9.56393496226519,1,0,1,0,0,0,0,0,0,0,0,0,0,1,φροντίδα-φλέγει (1)
ἀρωγός,φρον,9.56393496226519,1,0,1,0,0,0,0,0,0,0,0,0,0,1,φρονέοντες-ἀρωγοί (1)
μῦθος,φρόνιος,9.56014432013035,1,1,0,1,0,0,0,0,0,0,0,0,0,0,φρονίοιο-μύθῳ (1)
πάσχω,φρον,9.43619656469673,2,2,0,1,1,0,0,0,0,0,0,0,0,0,"φρονέων-πάθον (1), φρονέουσιν-πάθῃς (1)"
αὖτε,φρόνιος,9.40784306172282,1,1,0,0,0,0,0,1,0,0,0,0,0,0,φρονίοιο-αὖτε (1)
ὑπό,φρον,9.33220744226128,3,2,1,0,0,2,0,0,0,0,0,1,0,0,"φρονέων-ὑπ' (2), φροντίσιν-ὑπό (1)"
ἀμφιπένομαι,φρον,9.27818911895156,1,0,1,0,0,0,0,0,0,0,0,0,0,1,φρονέων-ἀμφεπένοντο (1)
σείω,φρον,9.27818911895156,1,1,0,0,1,0,0,0,0,0,0,0,0,0,φρόνεον-σειόμεν' (1)
χατίζω,φρον,9.27818911895156,1,1,0,0,0,1,0,0,0,0,0,0,0,0,φρονέων-χατίζων (1)
ἁρπαλέος,φρον,9.27818911895156,1,1,0,0,0,0,1,0,0,0,0,0,0,0,φροντίδα-ἁρπαλέαν (1)
ἀγορεύω,φρον,9.09693163819611,2,0,2,0,0,0,0,0,0,1,0,0,1,0,"φρονέοντα-ἀγορεύειν (1), φρονέων-ἀγορεύεις (1)"
γέφυρα,φρον,9.0284822601825,1,0,1,0,0,0,0,0,0,0,0,1,0,0,φρονέοντες-γεφύρας (1)
βελλεροφόντης,φρον,9.0284822601825,1,0,1,0,0,0,0,0,0,0,1,0,0,0,φρονέοντα-βελλεροφόντην (1)
δηΐφοβος,φρον,9.0284822601825,1,1,0,1,0,0,0,0,0,0,0,0,0,0,φρονέων-δηΐφοβος (1)
ἦκα,φρον,9.0284822601825,1,0,1,0,0,0,0,0,0,0,0,0,1,0,φρονέοντι-ἦκ' (1)
δαναός,φρον,9.00545057374984,2,2,0,1,1,0,0,0,0,0,0,0,0,0,φρονέων-δαναοῖσι (2)
φίλος,φρον,8.96661279629916,3,2,1,0,0,0,1,1,0,0,0,0,0,1,"φρονέων-φίλοι (1), φρόντισον-φίλοι (1), φρονέων-φίλος (1)"
πόλεμος,φρον,8.96054723393172,2,0,2,0,0,0,0,0,0,0,1,0,1,0,"φρονέουσα-πολέμῳ (1), φρονέοντες-πτολέμοιο (1)"
τῷ,φρον,8.91919896099716,3,2,1,0,0,1,1,0,0,0,0,0,1,0,"φρονέοντε-τώ (1), φρονέων-τῷ (1), φρονέουσα-τώ (1)"
δικάζω,φρον,8.80674880649894,1,0,1,0,0,0,0,0,0,1,0,0,0,0,φρονέοντα-δικαζέμεν (1)
κιρνάω,φρον,8.80674880649894,1,1,0,1,0,0,0,0,0,0,0,0,0,0,φροντίς-κίρναται (1)
ἐξερύω,φρον,8.80674880649894,1,1,0,0,0,0,1,0,0,0,0,0,0,0,φρονέων-ἐξερύσασκε (1)
φιλοπόλεμος,φρον,8.80674880649894,1,1,0,0,1,0,0,0,0,0,0,0,0,0,φρονέων-φιλοπτολέμων (1)
ὄσσομαι,φρον,8.80674880649894,1,1,0,1,0,0,0,0,0,0,0,0,0,0,φρονέουσα-ὀσσομένη (1)
τεκμαίρομαι,φρον,8.80674880649894,1,0,1,0,0,0,0,0,0,1,0,0,0,0,φρονέων-τεκμαίρεται (1)
εὐρυνόμη,φρον,8.80674880649894,1,0,1,0,0,0,0,0,0,0,0,0,0,1,φρονέουσι-εὐρυνόμη (1)
φυλάσσω,φρον,8.80674880649894,1,0,1,0,0,0,0,0,0,1,0,0,0,0,φρονέων-πεφυλαγμένος (1)
ἀγαπάζω,φρον,8.80674880649894,1,0,1,0,0,0,0,0,0,1,0,0,0,0,φρονέων-ἀγαπάζῃ (1)
αὐτοῦ,φρον,8.70206769928336,2,0,2,0,0,0,0,0,0,0,0,2,0,0,"φρονέειν-αὐτοῦ (1), φρονέων-αὐτοῦ (1)"
ἰαχή,φρον,8.60736242588609,1,0,1,0,0,0,0,0,0,0,0,1,0,0,φρονέων-ἰαχῇ (1)
οἷός,φρον,8.60736242588609,1,1,0,0,1,0,0,0,0,0,0,0,0,0,φρονέων-οἷός (1)
ὑποθέω,φρον,8.60736242588609,1,0,1,0,0,0,0,0,0,1,0,0,0,0,φρονέων-ὑποθήσομαι (1)
τρίτατος,φρον,8.60736242588609,1,1,0,1,0,0,0,0,0,0,0,0,0,0,φρονέων-τριτάτοισιν (1)
ὑψόθεν,φρον,8.60736242588609,1,1,0,0,0,1,0,0,0,0,0,0,0,0,φρονέων-ὑψόθεν (1)
δαΐφρονα,φρον,8.60736242588609,1,0,1,0,0,0,0,0,0,1,0,0,0,0,φρονέοντα-δαΐφρονα (1)
ἐπιφράζω,φρον,8.60736242588609,1,1,0,1,0,0,0,0,0,0,0,0,0,0,φρονέων-ἐπιφρασσαίατο (1)
καρδίη,φρον,8.60736242588609,1,1,0,0,0,1,0,0,0,0,0,0,0,0,φροντίδι-καρδίᾳ (1)
παρά,φρον,8.58178035728633,3,0,3,0,0,0,0,0,0,1,2,0,0,0,"φρονέοντα-παρ' (1), φροντίδα-πάρ (1), φροντίσιν-παρ' (1)"
ἀπόλλων,φρον,8.559300779365,2,1,1,1,0,0,0,0,0,0,0,1,0,0,"φρονέων-ἀπόλλων (1), φρονέοντι-ἀπόλλων (1)"
πίπτω,φρον,8.49978356901556,2,0,2,0,0,0,0,0,0,1,0,0,1,0,"φρονέων-ἔπες' (1), φρονέοντε-πέσητον (1)"
πτερόν,φρον,8.4262412711978,1,0,1,0,0,0,0,0,0,0,0,1,0,0,φροντίδες-πτερά (1)
ἐδωδή,φρον,8.4262412711978,1,0,1,0,0,0,0,0,0,0,0,0,1,0,φρονέων-ἐδωδῇ (1)
ἀλαπάζω,φρον,8.4262412711978,1,0,1,0,0,0,0,0,0,1,0,0,0,0,φρονέων-ἀλαπάζει (1)
αἶσις,φρον,8.4262412711978,1,0,1,0,0,0,0,0,0,0,0,0,1,0,φρονέω-αἴσῃ (1)
ἠμαθόεις,φρον,8.4262412711978,1,1,0,1,0,0,0,0,0,0,0,0,0,0,φρονέων-ἠμαθόεντος (1)
κάπρος,φρον,8.4262412711978,1,1,0,1,0,0,0,0,0,0,0,0,0,0,φρονέοντε-κάπρω (1)
ἔχω,φρον,8.3831458222121,3,1,2,0,0,1,0,0,0,0,1,0,0,1,"φρονέων-ἔχε (1), φρονέων-ἔχεν (1), φρονέουσι-ἔχουσιν (1)"
”,φρόνιος,8.35952852945775,1,1,0,0,1,0,0,0,0,0,0,0,0,0,φρονίοιο-” (1)
πατρίς,φρον,8.30814237799495,2,2,0,0,0,0,2,0,0,0,0,0,0,0,"φρονέουσα-πατρί (1), φρονέων-πατρί (1)"
ἀλφεός,φρον,8.26032946817577,1,0,1,0,0,0,0,0,0,0,0,1,0,0,φροντίσιν-ἀλφεῷ (1)
κεβριόνης,φρον,8.26032946817577,1,0,1,0,0,0,0,0,0,0,0,0,1,0,φρονέοντε-κεβριόναο (1)
ἆ,φρον,8.10727953538299,1,0,1,0,0,0,0,0,0,1,0,0,0,0,φρονέοντες-ἆ (1)
ἀπεῖπον,φρον,8.10727953538299,1,1,0,0,1,0,0,0,0,0,0,0,0,0,φρονέω-ἀποειπεῖν (1)
ἐναίσιμος,φρον,8.10727953538299,1,1,0,1,0,0,0,0,0,0,0,0,0,0,φρονέων-ἐναίσιμα (1)
καλλίθριξ,φρον,8.10727953538299,1,0,1,0,0,0,0,0,0,0,0,0,1,0,φρονέων-καλλίτριχες (1)
πρίν,φρον,8.02116328012198,2,1,1,0,0,0,1,0,0,0,0,0,0,1,"φρονέουσιν-πρίν (1), φροντίδι-πρίν (1)"
μητρίς,φρον,7.96524897683412,1,0,1,0,0,0,0,0,0,0,0,1,0,0,φρονεόντων-μητρί (1)
ἐπιμαίομαι,φρον,7.96524897683412,1,0,1,0,0,0,0,0,0,0,0,1,0,0,φρονέοντι-ἐπιμασσάμενος (1)
ὀλέκω,φρον,7.96524897683412,1,0,1,0,0,0,0,0,0,0,0,1,0,0,φρονέοντε-ὄλεκον (1)
παρά-ἧμαι,φρον,7.96524897683412,1,1,0,1,0,0,0,0,0,0,0,0,0,0,φρονέοντες-παρήμενοι (1)
στείχω,φρον,7.83276501391083,1,1,0,1,0,0,0,0,0,0,0,0,0,0,φρονέοντες-ἔστιχον (1)
ἀπατάω,φρον,7.83276501391083,1,1,0,0,0,0,0,1,0,0,0,0,0,0,φροντίς-ἀπατᾶται (1)
η,φρον,7.83276501391083,1,0,1,0,0,0,0,0,0,0,0,1,0,0,φροντίδες-η (1)
πρόσφημι,φρον,7.75539879035205,2,1,1,0,1,0,0,0,0,0,0,0,1,0,"φρονέω-προσέφης (1), φρονέοντι-προσέφη (1)"
σῶμα,φρον,7.7086318237707,1,1,0,0,0,0,1,0,0,0,0,0,0,0,φρονέων-σωμάτεσσι (1)
πείθω,φρον,7.707694305107,2,2,0,0,0,0,2,0,0,0,0,0,0,0,"φρονέοντα-πεῖθ' (1), φρονέων-πεῖθ' (1)"
ναῦς,φρόνιος,7.70312516856939,1,0,1,0,0,0,0,0,0,0,0,0,0,1,φρονίοιο-νῆα (1)
ἀχαιός,φρον,7.66874928493053,3,2,1,0,1,0,1,0,0,1,0,0,0,0,"φρονέων-ἀχαιῶν (1), φρονέουσιν-ἀχαιῶν (1), φρονέοντες-ἀχαιούς (1)"
βοῶπις,φρον,7.59186514373869,1,1,0,1,0,0,0,0,0,0,0,0,0,0,φρονέουσα-βοῶπις (1)
ἑκάεργος,φρον,7.59186514373869,1,1,0,0,0,1,0,0,0,0,0,0,0,0,φρονέουσα-ἑκάεργε (1)
ἱκανόω,φρον,7.59186514373869,1,1,0,0,0,1,0,0,0,0,0,0,0,0,φρονέουσα-ἱκάνω (1)
κλέπτω,φρον,7.59186514373869,1,1,0,0,1,0,0,0,0,0,0,0,0,0,φρονεόντων-ἔκλεψε (1)
δύω,φρον,7.53805440757424,2,0,2,0,0,0,0,0,0,1,0,0,0,1,φρονέοντε-δύω (2)
τραχύς,φρον,7.48164512962103,1,0,1,0,0,0,0,0,0,0,0,0,1,0,φρονέων-τραχύς (1)
φῦλον,φρον,7.48164512962103,1,0,1,0,0,0,0,0,0,0,0,0,1,0,φρονέειν-φῦλον (1)
σφέτερος,φρον,7.48164512962103,1,0,1,0,0,0,0,0,0,0,0,0,0,1,φρόνεον-σφέτερον (1)
διακρίνω,φρον,7.48164512962103,1,0,1,0,0,0,0,0,0,0,1,0,0,0,φρονέω-διακρινθήμεναι (1)
βάζω,φρον,7.48164512962103,1,1,0,0,1,0,0,0,0,0,0,0,0,0,φρονέουσι-βάζουσι (1)
ἐμπίτνω,φρον,7.37728164996952,1,1,0,0,1,0,0,0,0,0,0,0,0,0,φρονέων-ἔμπετες (1)
τιμέω,φρον,7.37728164996952,1,0,1,0,0,0,0,0,0,0,1,0,0,0,φρονέω-τετιμῆσθαι (1)
εἰσ-εἶδον,φρον,7.37728164996952,1,0,1,0,0,0,0,0,0,0,0,1,0,0,φρονέων-εἴσιδ' (1)
εὐθύς,φρον,7.37728164996952,1,0,1,0,0,0,0,0,0,0,0,0,0,1,φρονεῖ-ἰθεῖα (1)
ἔρχομαι,φρόνιος,7.33822916261852,1,0,1,0,0,0,0,0,0,0,0,1,0,0,φρονίοιο-ἐλθών (1)
αἴγισθος,φρον,7.27818827331066,1,1,0,0,0,1,0,0,0,0,0,0,0,0,φρονέων-αἰγίσθοιο (1)
ἐφίστημι,φρον,7.27818827331066,1,0,1,0,0,0,0,0,0,1,0,0,0,0,φρονέοντες-ἐφέστασαν (1)
ἄλλοθεν,φρον,7.18386248964816,1,1,0,0,1,0,0,0,0,0,0,0,0,0,φρονέοντες-ἄλλοθεν (1)
οἷά,φρον,7.18386248964816,1,0,1,0,0,0,0,0,0,0,1,0,0,0,φρονέων-οἷά (1)
ἄφρων,φρον,7.18386248964816,1,0,1,0,0,0,0,0,0,0,1,0,0,0,φρονέοντα-ἄφροσι (1)
μετά,φρον,7.12633896805346,2,1,1,1,0,0,0,0,0,0,0,1,0,0,"φρονέων-μετά (1), φροντίδα-πεδά (1)"
καπνός,φρον,7.09387040883303,1,1,0,0,1,0,0,0,0,0,0,0,0,0,φρονέοντι-καπνόν (1)
δεξιτερός,φρον,7.09387040883303,1,1,0,0,0,0,0,1,0,0,0,0,0,0,φρονέων-δεξιτερῇ (1)
ἀθρόος,φρον,7.09387040883303,1,0,1,0,0,0,0,0,0,0,0,1,0,0,φρονέων-ἁθρόα (1)
ὑπέχω,φρον,7.09387040883303,1,1,0,1,0,0,0,0,0,0,0,0,0,0,φρονέοντι-ὑποσχόμενος (1)
πυργόω,φρον,7.09387040883303,1,1,0,0,1,0,0,0,0,0,0,0,0,0,φρονέων-πύργου (1)
ἀφαιρέω,φρον,7.09387040883303,1,1,0,0,0,1,0,0,0,0,0,0,0,0,φρονέων-ἀφαιρήσεσθαι (1)
ὅσος,φρον,7.03380619641393,2,2,0,0,1,0,0,1,0,0,0,0,0,0,"φρονέουσιν-ὅσσον (1), φροντίδι-ὅσα (1)"
νῦν,φρον,7.01670661382377,3,0,3,0,0,0,0,0,0,1,0,0,1,1,"φρονέοντες-νυ (1), φρονέων-νῦν (1), φρονέουσα-νῦν (1)"
ἔλαφος,φρον,7.00783481169492,1,1,0,0,1,0,0,0,0,0,0,0,0,0,φρονέοντε-ἐλάφοιο (1)
ἤπιος,φρον,7.00783481169492,1,1,0,1,0,0,0,0,0,0,0,0,0,0,φρονέεις-ἤπια (1)
⸖,φρον,6.9564047018066,2,1,1,0,1,0,0,0,0,0,0,0,1,0,"φρονέω-⸖ (1), φρονέων-⸖ (1)"
ἐπορούω,φρον,6.92542569804937,1,0,1,0,0,0,0,0,0,0,0,0,0,1,φρονέων-ἐπόρουσε (1)
τέσσαρες,φρον,6.92542569804937,1,1,0,1,0,0,0,0,0,0,0,0,0,0,φρονεῖν-τέσσαρας (1)
μαλακός,φρον,6.92542569804937,1,1,0,0,0,0,1,0,0,0,0,0,0,0,φρονέων-μαλακά (1)
χάζομαι,φρον,6.84635270293802,1,1,0,1,0,0,0,0,0,0,0,0,0,0,φρονέειν-χάζεο (1)
αἰών,φρον,6.84635270293802,1,1,0,0,0,0,0,1,0,0,0,0,0,0,φρονεῖν-αἰών (1)
χρεώ,φρον,6.84635270293802,1,1,0,0,0,0,1,0,0,0,0,0,0,0,φρονέω-χρεώ (1)
ἀποτίνω,φρον,6.69721634592861,1,0,1,0,0,0,0,0,0,0,0,0,0,1,φρονέων-ἀπέτεισε (1)
πάγχυ,φρον,6.69721634592861,1,1,0,0,0,0,1,0,0,0,0,0,0,0,φρονέων-πάγχυ (1)
ὁδόω,φρον,6.5586901223287,1,1,0,0,0,0,1,0,0,0,0,0,0,0,φροντίζω-ὁδοί (1)
γαῖα,φρον,6.50281392689794,2,1,1,0,1,0,0,0,0,0,0,0,0,1,"φρονέοντι-γαίῃ (1), φρονέων-γαίης (1)"
βλάπτω,φρον,6.49295947700739,1,0,1,0,0,0,0,0,0,0,0,1,0,0,φρονέων-βλάβεν (1)
αἴξ,φρον,6.49295947700739,1,1,0,0,1,0,0,0,0,0,0,0,0,0,φρονέων-αἴγεσιν (1)
πούς,φρον,6.49165230058134,2,1,1,0,0,1,0,0,0,0,0,1,0,0,"φροντίδα-ποδός (1), φρονέων-ποδός (1)"
ἔρχομαι,φρον,6.44082587957382,3,0,3,0,0,0,0,0,0,0,1,1,0,1,"φρονέουσα-ἦλθον (1), φρονέων-ἐλθόντ' (1), φρονέοντι-ἐλθόν (1)"
ὅμοιος,φρον,6.36781873274595,1,0,1,0,0,0,0,0,0,0,0,0,0,1,φρονέειν-ὁμοῖον (1)
διαμπερής,φρον,6.36781873274595,1,0,1,0,0,0,0,0,0,1,0,0,0,0,φρονέουσι-διαμπερές (1)
πριαμίδης,φρον,6.36781873274595,1,0,1,0,0,0,0,0,0,0,1,0,0,0,φρονέων-πριαμίδης (1)
παλάμη,φρον,6.36781873274595,1,1,0,0,0,0,1,0,0,0,0,0,0,0,φρονέοντα-παλάμαι (1)
φάλαγξ,φρον,6.30815177690238,1,1,0,1,0,0,0,0,0,0,0,0,0,0,φρόνεον-φάλαγγας (1)
μογέω,φρον,6.30815177690238,1,1,0,0,0,0,1,0,0,0,0,0,0,0,φρονέων-μόγησα (1)
ἰόω,φρον,6.30815177690238,1,0,1,0,0,0,0,0,0,0,0,1,0,0,φροντίζω-ἴω (1)
ἀχιλλεύς,φρον,6.30731791350991,2,1,1,0,0,1,0,0,0,0,0,0,0,1,"φρονέων-ἀχιλλεύς (1), φρονέων-ἀχιλεῦ (1)"
σχέθω†,φρον,6.19406590703875,1,1,0,0,0,0,0,1,0,0,0,0,0,0,φροντίδα-σχέθοι (1)
αἶθοψ,φρον,6.19406590703875,1,1,0,1,0,0,0,0,0,0,0,0,0,0,φρονέοντι-αἴθοπα (1)
καθίζω,φρον,6.19406590703875,1,0,1,0,0,0,0,0,0,0,0,1,0,0,φρονέουσα-καθίζοις (1)
εὔμαιος,φρον,6.19406590703875,1,1,0,0,0,1,0,0,0,0,0,0,0,0,φρονέω-εὔμαιε (1)
συβώτης,φρον,6.13945159874856,1,1,0,0,0,0,1,0,0,0,0,0,0,0,φρονέω-συβῶτα (1)
ἀτρεΐδη,φρον,6.13945159874856,1,0,1,0,0,0,0,0,0,0,0,0,1,0,φρονέων-ἀτρεΐδη (1)
ὀρέγω,φρον,6.08633936103433,1,1,0,0,0,0,1,0,0,0,0,0,0,0,φρονέων-ὀρέξειν (1)
ὅστε,φρον,6.04358065593988,2,0,2,0,0,0,0,0,0,0,0,1,0,1,"φρονέω-ἥ (1), φρονέοντα-ἥ (1)"
φυλάζω,φρον,6.03465010877699,1,1,0,0,1,0,0,0,0,0,0,0,0,0,φρονέων-φυλάσσειν (1)
πολύς,φρον,5.99652544502169,3,2,1,0,0,2,0,0,0,0,0,1,0,0,"φρονέων-πολλά (1), φρονέουσιν-πολλοί (1), φρονέοντα-πόλλ' (1)"
γῆρας,φρον,5.9843108439818,1,1,0,0,0,0,1,0,0,0,0,0,0,0,φροντίδες-γῆρας (1)
γλῶσσα,φρον,5.9352540448308,1,1,0,0,0,0,1,0,0,0,0,0,0,0,φρονῆι-γλώσσηι (1)
ὀλοός,φρον,5.9352540448308,1,1,0,0,0,0,0,1,0,0,0,0,0,0,φρονέων-ὀλοά (1)
πολύτλας,φρον,5.88741713389754,1,1,0,0,1,0,0,0,0,0,0,0,0,0,φρονέω-πολύτλας (1)
ἀμφίς,φρον,5.88741713389754,1,1,0,0,0,0,0,1,0,0,0,0,0,0,φρονέοντε-ἀμφίς (1)
ὄπισθεν,φρον,5.88741713389754,1,1,0,0,0,0,0,1,0,0,0,0,0,0,φρονέουσι-ὄπιθεν (1)
στόμα,φρον,5.79517460428178,1,0,1,0,0,0,0,0,0,0,0,0,1,0,φροντίδα-στόμα (1)
φρήν,φρον,5.78115736972541,2,1,1,0,1,0,0,0,0,0,1,0,0,0,"φρονέοντες-φρεσίν (1), φρονέων-φρένας (1)"
ἐνέπω,φρον,5.75066457130015,1,0,1,0,0,0,0,0,0,0,1,0,0,0,φρονεῖν-ἐνέπει (1)
εἴλω,φρον,5.75066457130015,1,1,0,0,1,0,0,0,0,0,0,0,0,0,φρονέοντι-ἀλῆναι (1)
φόβος,φρον,5.75066457130015,1,0,1,0,0,0,0,0,0,0,0,0,0,1,φρονέων-φόβῳ (1)
δεύω,φρον,5.75066457130015,1,1,0,1,0,0,0,0,0,0,0,0,0,0,φρονέῃσι-δεύεται (1)
δικαι,φρον,5.75066457130015,1,1,0,0,0,0,0,1,0,0,0,0,0,0,φρονεῖ-δίκαια (1)
ἐμβάλλω,φρον,5.66463164705783,1,0,1,0,0,0,0,0,0,0,0,0,1,0,φρονεόντων-ἔμβαλε (1)
ποικίλος,φρον,5.66463164705783,1,0,1,0,0,0,0,0,0,0,0,0,1,0,φροντίδες-ποικίλ' (1)
ὁμῶς,φρον,5.66463164705783,1,0,1,0,0,0,0,0,0,0,0,0,1,0,φρονέων-ὁμῶς (1)
δέμας,φρον,5.66463164705783,1,0,1,0,0,0,0,0,0,0,0,0,0,1,φροντίσιν-δέμας (1)
ὑσμίνη,φρον,5.66463164705783,1,0,1,0,0,0,0,0,0,0,0,0,0,1,φρονέων-ὑσμίνῃ (1)
νόσφι,φρον,5.62302368320525,1,1,0,0,0,1,0,0,0,0,0,0,0,0,φρονέοντα-νόσφιν (1)
κορυφή,φρον,5.62302368320525,1,1,0,0,0,0,1,0,0,0,0,0,0,0,φρονέοντε-κορυφῇσι (1)
δ,φρον,5.62302368320525,1,1,0,0,0,1,0,0,0,0,0,0,0,0,φροντίδες-δ (1)
πατήρ,φρον,5.61432461254299,2,1,1,0,1,0,0,0,0,0,0,0,1,0,φρονέων-πατήρ (2)
νει,φρον,5.58230244275182,1,0,1,0,0,0,0,0,0,0,0,1,0,0,φρονέῃσι-νείκεα (1)
περί,φρον,5.57180675584823,2,1,1,0,0,1,0,0,0,0,0,1,0,0,"φρονέοντε-περί (1), φρόνεον-περί (1)"
ὀλίγος,φρον,5.54243172798306,1,0,1,0,0,0,0,0,0,0,0,0,1,0,φρονέοντε-ὀλίγης (1)
τίθημι,φρον,5.52151175402105,2,2,0,1,0,0,0,1,0,0,0,0,0,0,"φροντίσιν-ἔθηκε (1), φρονέων-θέντι (1)"
βίοτος,φρον,5.50337751209736,1,1,0,0,0,1,0,0,0,0,0,0,0,0,φρονέοντα-βιότου (1)
δῶρος,φρον,5.50337751209736,1,0,1,0,0,0,0,0,0,1,0,0,0,0,φρονέων-δώροισι (1)
τοιοῦτος,φρον,5.42759231384844,1,0,1,0,0,0,0,0,0,0,0,0,0,1,φρονῆι-τοιοῦτος (1)
ἔδω,φρον,5.39080268610269,1,1,0,0,0,1,0,0,0,0,0,0,0,0,φρονέοντες-ἔδουσιν (1)
ἕκτωρ,φρον,5.36723726056516,2,0,2,0,0,0,0,0,0,0,1,1,0,0,"φρονέοντες-ἕκτωρ (1), φρονέων-ἕκτορι (1)"
αἰπύς,φρον,5.35471199639142,1,1,0,0,1,0,0,0,0,0,0,0,0,0,φρονέοντι-αἰπύν (1)
—,φρον,5.34354308992624,2,1,1,0,1,0,0,0,0,0,0,0,1,0,φρονέων-— (2)
ἵστημι,φρον,5.32784417364746,2,2,0,0,1,1,0,0,0,0,0,0,0,0,"φρονέουσα-ἔστω (1), φρονέων-ἔστη (1)"
ἄγχι,φρον,5.31929482705891,1,1,0,1,0,0,0,0,0,0,0,0,0,0,φρονέων-ἄγχι (1)
εἴσω,φρον,5.31929482705891,1,1,0,0,1,0,0,0,0,0,0,0,0,0,φρονέοντες-εἴσω (1)
φέρω,φρον,5.31222222279757,2,0,2,0,0,0,0,0,0,0,0,1,1,0,"φροντίδι-φέρειν (1), φρονέοντες-φέρον (1)"
πάλλω,φρον,5.28452711645514,1,1,0,0,0,0,1,0,0,0,0,0,0,0,φρονέων-πάλλεν (1)
λαγχάνω,φρον,5.21685008704662,1,0,1,0,0,0,0,0,0,0,1,0,0,0,φροντίδες-ἔλαχον (1)
κτῆμα,φρον,5.18389864452183,1,1,0,0,1,0,0,0,0,0,0,0,0,0,φρονέων-κτήμασιν (1)
λίζω,φρον,5.15151225682348,1,0,1,0,0,0,0,0,0,0,0,0,1,0,φρονέοντι-λίσσεσθαι (1)
ὗς,φρον,5.15151225682348,1,1,0,1,0,0,0,0,0,0,0,0,0,0,φρονέοντες-σύας (1)
λόγος,φρον,5.1196723934263,1,1,0,0,1,0,0,0,0,0,0,0,0,0,φρονέων-λόγῳ (1)
ἀντίλοχος,φρον,5.1196723934263,1,0,1,0,0,0,0,0,0,0,0,0,1,0,φρονέων-ἀντίλοχ' (1)
ἄμφω,φρον,5.05756256356835,1,1,0,0,0,1,0,0,0,0,0,0,0,0,φρονέοντε-ἄμφω (1)
φοῖβος,φρον,5.05756256356835,1,0,1,0,0,0,0,0,0,0,1,0,0,0,φρονέοντι-φοῖβος (1)
ἀνέχω,φρον,5.02725979685783,1,1,0,1,0,0,0,0,0,0,0,0,0,0,φρονέων-ἀνέχων (1)
εἰσοράω,φρον,5.02725979685783,1,0,1,0,0,0,0,0,0,0,0,0,1,0,φρονέων-εἰσορόων (1)
πάλιν,φρον,5.02725979685783,1,0,1,0,0,0,0,0,0,0,0,0,0,1,φρονέοντε-πάλιν (1)
δειλός,φρον,5.02725979685783,1,0,1,0,0,0,0,0,0,0,1,0,0,0,φρονέοντες-δειλώ (1)
_,φρον,5.02725979685783,1,0,1,0,0,0,0,0,0,1,0,0,0,0,φροντίδες-_ (1)
εἶπον,φρον,5.00082469638437,2,2,0,0,1,1,0,0,0,0,0,0,0,0,"φρονέων-εἰπών (1), φρονῆι-εἴπηι (1)"
ἀργαλέος,φρον,4.96808218210936,1,1,0,0,0,0,0,1,0,0,0,0,0,0,φρονέοντα-ἀργαλέον (1)
ἕλκω,φρον,4.93917884491384,1,1,0,0,0,1,0,0,0,0,0,0,0,0,φρονέων-ἕλκειν (1)
ἐγείρω,φρον,4.91071454063058,1,0,1,0,0,0,0,0,0,0,0,0,1,0,φρονέων-ἔγειρεν (1)
γλυκύς,φρον,4.91071454063058,1,1,0,0,0,0,1,0,0,0,0,0,0,0,φροντίσιν-γλυκυτάταις (1)
“ὦ,φρον,4.91071454063058,1,0,1,0,0,0,0,0,0,0,0,0,1,0,φρονέων-“ὦ (1)
ὅδε,φρον,4.88309920299798,2,2,0,0,1,0,1,0,0,0,0,0,0,0,"φρονέουσα-τόδ' (1), φρονέοντες-οἵδε (1)"
ποιμήν,φρον,4.88267654087394,1,1,0,1,0,0,0,0,0,0,0,0,0,0,φρονέοντι-ποιμένα (1)
πότνια,φρον,4.88267654087394,1,1,0,0,1,0,0,0,0,0,0,0,0,0,φρονέουσα-πότνια (1)
χρώς,φρον,4.82783125527203,1,0,1,0,0,0,0,0,0,0,0,0,0,1,φρονέων-χρόα (1)
νόστος,φρον,4.82783125527203,1,0,1,0,0,0,0,0,0,0,0,1,0,0,φρονέων-νόστος (1)
ἕτερος,φρον,4.80100111942738,1,0,1,0,0,0,0,0,0,0,1,0,0,0,φρονῆι-ἕτερα (1)
μηδέ,φρον,4.80100111942738,1,1,0,0,1,0,0,0,0,0,0,0,0,0,φρονέειν-μηδέ (1)
ἄλγος,φρον,4.77455154247582,1,1,0,0,1,0,0,0,0,0,0,0,0,0,φρονέω-ἄλγος (1)
τιμή,φρον,4.74847223609686,1,1,0,0,0,0,0,1,0,0,0,0,0,0,φρονέω-τιμῆς (1)
ὅστις,φρον,4.74847223609686,1,0,1,0,0,0,0,0,0,0,1,0,0,0,φροντίζω-ἥντιν' (1)
εἷμα,φρον,4.69738533068448,1,1,0,1,0,0,0,0,0,0,0,0,0,0,φρονέοντι-εἵματα (1)
ὄρον,φρον,4.67235912848264,1,1,0,0,0,1,0,0,0,0,0,0,0,0,φρονέοντε-ὄρεος (1)
”,φρον,4.65405130386353,2,1,1,0,1,0,0,0,0,1,0,0,0,0,"φρονέοντι-” (1), φρονέουσι-” (1)"
κύρνος,φρον,4.6476659597829,1,0,1,0,0,0,0,0,0,0,0,0,0,1,φρονέων-κύρν' (1)
κρονίων,φρον,4.62329739145935,1,0,1,0,0,0,0,0,0,0,0,0,0,1,φρονέων-κρονίων (1)
κύων,φρον,4.62329739145935,1,1,0,0,0,1,0,0,0,0,0,0,0,0,φρονέοντε-κυσί (1)
ὅπως,φρον,4.62329739145935,1,0,1,0,0,0,0,0,0,0,0,1,0,0,φρονέων-ὅπως (1)
χείρ,φρον,4.60403366852552,2,0,2,0,0,0,0,0,0,0,1,0,0,1,"φρονεόντων-χερσίν (1), φρονέων-χερσίν (1)"
ς,φρον,4.59924530703574,1,1,0,0,0,0,0,1,0,0,0,0,0,0,φροντίδες-ς (1)
ἐμέω,φρον,4.5520596196875,1,1,0,1,0,0,0,0,0,0,0,0,0,0,φρονέοντα-ἐμεῦ (1)
ἆθλος,φρον,4.5520596196875,1,1,0,0,0,0,1,0,0,0,0,0,0,0,φρονέων-ἄεθλον (1)
γλαφυρός,φρον,4.52891123015434,1,0,1,0,0,0,0,0,0,0,0,1,0,0,φρονέων-γλαφυρῇσιν (1)
βιάω,φρον,4.52891123015434,1,0,1,0,0,0,0,0,0,0,0,0,1,0,φρονέουσιν-βίη (1)
δάκρυον,φρον,4.5060497270897,1,0,1,0,0,0,0,0,0,0,0,0,0,1,φρονέοντες-δάκρυ (1)
θνητός,φρον,4.5060497270897,1,1,0,0,0,0,1,0,0,0,0,0,0,0,φρονεῖν-θνατός (1)
κῦδος,φρον,4.5060497270897,1,1,0,0,0,1,0,0,0,0,0,0,0,0,φρονέων-κῦδος (1)
ἀχεύω,φρον,4.48346835747361,1,1,0,0,1,0,0,0,0,0,0,0,0,0,φρονέοντε-ἀκάχοιτο (1)
αἰνείας,φρον,4.48346835747361,1,0,1,0,0,0,0,0,0,0,0,0,1,0,φρονέων-αἰνείαο (1)
πειράω,φρον,4.46116061136127,1,1,0,0,1,0,0,0,0,0,0,0,0,0,φρονέοντι-πειρήσαιτο (1)
πολύμητις,φρον,4.46116061136127,1,1,0,0,0,1,0,0,0,0,0,0,0,0,φρονέω-πολύμητις (1)
λέγω,φρον,4.43912019301206,1,0,1,0,0,0,0,0,0,0,0,1,0,0,φρονεῖν-λέγεσθαι (1)
ἀπό,φρον,4.42355783004314,2,1,1,0,1,0,0,0,0,0,0,0,1,0,"φρονέοντα-ἀπό (1), φρονέουσα-ἀπ' (1)"
πυκνός,φρον,4.39581725001335,1,1,0,0,0,0,0,1,0,0,0,0,0,0,φρονέοντι-πυκινά (1)
οὐρανός,φρον,4.39581725001335,1,1,0,1,0,0,0,0,0,0,0,0,0,0,φρονέοντες-οὐρανόν (1)
ὀπίζω,φρον,4.3745431760326,1,1,0,0,1,0,0,0,0,0,0,0,0,0,φρονέων-ὀπίσσω (1)
ἅρμα,φρον,4.35351332183927,1,0,1,0,0,0,0,0,0,0,0,0,1,0,φρονέων-ἅρματα (1)
πόνος,φρον,4.29183682892472,1,1,0,1,0,0,0,0,0,0,0,0,0,0,φρονέοντι-πόνον (1)
χάρις,φρον,4.19346346240491,1,1,0,1,0,0,0,0,0,0,0,0,0,0,φροντίσιν-χάρις (1)
πόρω,φρον,4.19346346240491,1,0,1,0,0,0,0,0,0,1,0,0,0,0,φρονέων-πόρε (1)
ἱκάνω,φρον,4.17441177461296,1,1,0,0,0,1,0,0,0,0,0,0,0,0,φρονέω-ἱκάνει (1)
υἱός,φρον,4.1506074750796,2,1,1,0,0,0,1,0,0,0,0,1,0,0,"φρονέουσιν-υἷες (1), φρονέοντε-υἷε (1)"
ὄλυμπος,φρον,4.10014708805829,1,0,1,0,0,0,0,0,0,0,0,0,0,1,φρονέουσα-οὐλύμποιο (1)
ἑός,φρον,4.0641283094883,1,1,0,1,0,0,0,0,0,0,0,0,0,0,φροντίδι-ἑᾷ (1)
κίω,φρον,4.04638512246311,1,0,1,0,0,0,0,0,0,0,1,0,0,0,φρονέων-κίεν (1)
μάλιστα,φρον,3.99418142996728,1,0,1,0,0,0,0,0,0,0,1,0,0,0,φρόνεον-μάλιστα (1)
μέμαα,φρον,3.89412142988294,1,0,1,0,0,0,0,0,0,1,0,0,0,0,φρόνεον-μέμασαν (1)
φαίνω,φρον,3.87797591555864,1,1,0,1,0,0,0,0,0,0,0,0,0,0,φρονέων-φαίνετο (1)
γόνυ,φρον,3.83039894048125,1,0,1,0,0,0,0,0,0,0,0,0,1,0,φρονέοντι-γούνων (1)
ἄρις,φρον,3.78406205307692,1,1,0,0,0,0,1,0,0,0,0,0,0,0,φρονέων-ἄρης (1)
τῇ,φρον,3.70942987594754,1,1,0,0,0,1,0,0,0,0,0,0,0,0,φρονέων-τῇ (1)
κακόω,φρον,3.70942987594754,1,1,0,0,0,1,0,0,0,0,0,0,0,0,φρονέουσι-κακῶς (1)
ἥρως,φρον,3.70942987594754,1,1,0,1,0,0,0,0,0,0,0,0,0,0,φρονέοντες-ἥρωας (1)
ἀρετή,φρον,3.6661200420931,1,1,0,0,1,0,0,0,0,0,0,0,0,0,φρονεῖν-ἀρετάς (1)
πω,φρον,3.6238514566794,1,0,1,0,0,0,0,0,0,0,0,0,1,0,φρονέοντα-πώ (1)
ὀτρύνω,φρον,3.60998528916389,1,1,0,0,1,0,0,0,0,0,0,0,0,0,φρονέων-ὄτρυνεν (1)
ἤ,φρον,3.60580640565604,2,1,1,0,0,1,0,0,0,0,0,0,0,1,"φροντίζω-ἤ (1), φρονέων-ἤ (1)"
οἶος,φρον,3.58257818035781,1,1,0,0,1,0,0,0,0,0,0,0,0,0,φρονέοντι-οἶος (1)
βῆ,φρον,3.56903409399092,1,0,1,0,0,0,0,0,0,0,0,0,1,0,φρονέοντι-βῆ (1)
ἀμφότερος,φρον,3.54225724376738,1,0,1,0,0,0,0,0,0,0,1,0,0,0,φρονέων-ἀμφοτέροισιν (1)
ἥρα,φρον,3.54225724376738,1,1,0,0,0,1,0,0,0,0,0,0,0,0,φρονέουσα-ἥρη (1)
ναῦς,φρον,3.53668019175529,2,1,1,0,1,0,0,0,0,1,0,0,0,0,"φρονέων-νήεσσιν (1), φρονέων-νῆας (1)"
λαμβάνω,φρον,3.4266183366999,1,1,0,0,1,0,0,0,0,0,0,0,0,0,φρονέων-λαβών (1)
δῖος,φρον,3.30661141034216,1,0,1,0,0,0,0,0,0,0,0,1,0,0,φρονέων-δίῳ (1)
ἐλαύνω,φρον,3.29506020992994,1,0,1,0,0,0,0,0,0,0,0,0,0,1,φρονέοντι-ἐλάσαι (1)
οἷος,φρον,3.28358665201813,1,1,0,0,0,0,1,0,0,0,0,0,0,0,φροντίς-οἷ' (1)
μεταί,φρον,3.23844997119159,1,0,1,0,0,0,0,0,0,1,0,0,0,0,φρονέουσα-μετ' (1)
ἄλλος,φρον,3.20823249220848,2,2,0,0,0,1,0,1,0,0,0,0,0,0,"φρονέοντες-ἄλλος (1), φρονέων-ἄλλα (1)"
δαμάζω,φρον,3.17291909828782,1,0,1,0,0,0,0,0,0,0,0,0,0,1,φρονέων-δαμείη (1)
μένος,φρον,3.15162822697312,1,1,0,0,0,1,0,0,0,0,0,0,0,0,φρονέων-μένος (1)
ἦδος,φρον,3.09955078363419,1,0,1,0,0,0,0,0,0,0,0,1,0,0,φρονέω-ἤδη (1)
φιλέω,φρον,3.09955078363419,1,0,1,0,0,0,0,0,0,0,0,0,1,0,φρονεόντων-φίλῃ (1)
ἀθάνατος,φρον,3.08932649623603,1,0,1,0,0,0,0,0,0,0,1,0,0,0,φρονέουσα-ἀθανάτοισι (1)
ποτός,φρον,3.00971078220755,1,1,0,1,0,0,0,0,0,0,0,0,0,0,φρονέουσα-ποτέ (1)
στῆθος,φρον,2.99038835894316,1,1,0,0,1,0,0,0,0,0,0,0,0,0,φρονεόντων-στήθεσσι (1)
ἵνα,φρον,2.97128874063492,1,0,1,0,0,0,0,0,0,1,0,0,0,0,φρονέων-ἵνα (1)
οὔτε,φρον,2.9430469898507,1,0,1,0,0,0,0,0,0,0,1,0,0,0,φρονέων-οὔτε (1)
εἰ,φρον,2.88395841419697,2,0,2,0,0,0,0,0,0,0,0,1,0,1,"φρονέῃσι-εἴ (1), φρονέων-εἰ (1)"
θεός,φρον,2.8773622084409,2,1,1,0,0,1,0,0,0,0,0,0,0,1,"φρονέειν-θεοῖσιν (1), φρονέων-θεοί (1)"
αὐτίκα,φρον,2.81731954496354,1,0,1,0,0,0,0,0,0,0,1,0,0,0,φρονέοντες-αὐτίκα (1)
κεῖμαι,φρον,2.73311632312834,1,0,1,0,0,0,0,0,0,0,0,1,0,0,φρονέων-κεῖτ' (1)
ἀργεῖος,φρον,2.69261104241014,1,0,1,0,0,0,0,0,0,0,0,0,0,1,φρονέω-ἀργείους (1)
εἰς,φρον,2.67235448677093,2,1,1,0,0,0,1,0,0,0,0,1,0,0,φρονέων-εἰς (2)
ἐσθλός,φρον,2.65310706943274,1,1,0,0,1,0,0,0,0,0,0,0,0,0,φρονέῃσι-ἐσθλοῦ (1)
πᾶς,φρον,2.47844422236085,2,1,1,1,0,0,0,0,0,0,0,0,1,0,"φρονέων-πάντα (1), φρονέων-πάντ' (1)"
ν,φρον,2.32994144875556,1,0,1,0,0,0,0,0,0,0,0,0,1,0,φροντίδες-ν (1)
ἅμα,φρον,2.32994144875556,1,0,1,0,0,0,0,0,0,0,0,0,0,1,φρονέων-ἅμ' (1)
ἄνθρωπος,φρον,2.19085094891489,1,0,1,0,0,0,0,0,0,1,0,0,0,0,φροντίδες-ἀνθρώπων (1)
ἀεί,φρον,2.1793493963778,1,0,1,0,0,0,0,0,0,0,0,0,1,0,φρονεῖ-αἰεί (1)
αὖτε,φρον,2.0323541322723,1,0,1,0,0,0,0,0,0,0,0,0,1,0,φρονέουσι-αὖτ' (1)
ἐθέλω,φρον,1.95186366327107,1,1,0,0,0,0,0,1,0,0,0,0,0,0,φρονέειν-ἔθελε (1)
ἀθήνη,φρον,1.93243973515928,1,0,1,0,0,0,0,0,0,0,0,0,1,0,φρονέων-ἀθήνην (1)
παῖς,φρον,1.79485925938934,1,1,0,0,0,0,1,0,0,0,0,0,0,0,φρονέων-παῖδα (1)
γίγνομαι,φρον,1.64641560893506,1,1,0,1,0,0,0,0,0,0,0,0,0,0,φρονέοντι-γένωμαι (1)
αἱρέω,φρον,1.59670673310757,1,1,0,1,0,0,0,0,0,0,0,0,0,0,φρονέων-ἕλοντο (1)
σύ,φρον,1.57804106269032,2,2,0,1,1,0,0,0,0,0,0,0,0,0,φρονέων-σοί (2)
ἀμφί,φρον,1.57440118957311,1,0,1,0,0,0,0,0,0,0,0,1,0,0,φρονέοντε-ἀμφ' (1)
ἔπειτα,φρον,1.43181165028363,1,0,1,0,0,0,0,0,0,0,0,0,1,0,φρονέων-ἔπειτ' (1)
ἔπος,φρον,1.41227541305125,1,1,0,0,0,1,0,0,0,0,0,0,0,0,φρονέων-ἔπεσιν (1)
πρός,φρον,1.3994265338406,1,1,0,0,0,1,0,0,0,0,0,0,0,0,φρονέων-προτί (1)
δίδωμι,φρον,1.23856869805604,1,1,0,0,1,0,0,0,0,0,0,0,0,0,φρονέοντι-δοίη (1)
ὅτε,φρον,1.21656890492886,1,0,1,0,0,0,0,0,0,1,0,0,0,0,φροντίσιν-ὅτε (1)
ἐπεί,φρον,0.669409266673028,1,0,1,0,0,0,0,0,0,1,0,0,0,0,φρονέειν-ἐπεί (1)
κατά,φρον,0.498969643376768,1,0,1,0,0,0,0,0,0,1,0,0,0,0,φρονέων-κατά (1)
ἐκ,φρον,0.373304055072367,1,0,1,0,0,0,0,0,0,0,0,1,0,0,φρονέων-ἐξ (1)
δ,φρον,0,3,0,3,0,0,0,0,0,0,0,0,0,0,3,φρονέων-δ (3)
πρυ,φρον,0,1,0,1,0,0,0,0,0,0,0,0,0,0,1,φρονέοντες-πρυ (1)
ἕκτ,φρον,0,1,0,1,0,0,0,0,0,0,0,0,0,0,1,φρονέων-ἕκτ (1)
ψευσαμ,φρον,0,1,0,1,0,0,0,0,0,0,0,0,0,0,1,φρονέοντα-ψευσαμ (1)
μαζε,φρον,0,1,1,0,0,1,0,0,0,0,0,0,0,0,0,φρονέοντες-μαζε (1)
κρατερ,φρον,0,1,0,1,0,0,0,0,0,0,0,0,0,0,1,φρονέοντι-κρατερ (1)
ἅψασ,φρον,0,1,0,1,0,0,0,0,0,0,0,0,0,0,1,φρονέοντι-ἅψασ (1)
κερτ,φρον,0,1,0,1,0,0,0,0,0,0,0,0,0,0,1,φρονέοντι-κερτ (1)
παννύχ,φρον,0,1,0,1,0,0,0,0,0,0,0,0,0,0,1,φρονέοντες-παννύχ (1)
μελιηδ,φρον,0,1,0,1,0,0,0,0,0,0,0,0,0,0,1,φρονέοντες-μελιηδ (1)
μύθ,φρόνιος,0,1,0,1,0,0,0,0,0,0,0,0,0,0,1,φρονίοιο-μύθ (1)
ἵππο,φρον,0,1,0,1,0,0,0,0,0,0,0,0,0,0,1,φρονέοντι-ἵππο (1)
τόπισθε,φρον,0,1,1,0,1,0,0,0,0,0,0,0,0,0,0,φρονέων-τόπισθε (1)
αίνει,φρον,0,1,1,0,1,0,0,0,0,0,0,0,0,0,0,φρονέουσιν-αίνει (1)
,φρον,0,1,0,1,0,0,0,0,0,0,0,0,0,0,1,φρονέων- (1)
,φρον,0,1,0,1,0,0,0,0,0,0,0,0,0,0,1,φρονέων- (1)
μένης,φρον,0,1,1,0,1,0,0,0,0,0,0,0,0,0,0,φρονέοντε-μένης (1)
ἔχου,φρον,0,1,0,1,0,0,0,0,0,0,0,0,0,0,1,φροντίδες-ἔχου (1)
ἐοικό,φρον,0,1,0,1,0,0,0,0,0,0,0,0,0,0,1,φρονέοντες-ἐοικό (1)
σέφη,φρον,0,1,1,0,0,1,0,0,0,0,0,0,0,0,0,φρονέω-σέφη (1)
ρεταί,φρον,0,1,1,0,1,0,0,0,0,0,0,0,0,0,0,φρονέοντα-ρεταί (1)
εδανόν,φρον,0,1,1,0,1,0,0,0,0,0,0,0,0,0,0,φρονέων-εδανόν (1)
σεσθαι,φρον,0,1,1,0,0,1,0,0,0,0,0,0,0,0,0,φροντίδα-σεσθαι (1)
έλλεις,φρον,0,1,1,0,1,0,0,0,0,0,0,0,0,0,0,φρονέων-έλλεις (1)
ύοισθε,φρον,0,1,1,0,1,0,0,0,0,0,0,0,0,0,0,φρονέων-ύοισθε (1)
ερτομίοις',φρον,0,1,1,0,0,1,0,0,0,0,0,0,0,0,0,φρονέων-ερτομίοις' (1)
εἰ,φρον,0,1,0,1,0,0,0,0,0,0,0,0,0,0,1,φρονέοντι-εἰ (1)
ν,φρον,0,1,0,1,0,0,0,0,0,0,0,0,0,0,1,φρονέων-ν (1)
ἐλαφˈρ,φρον,0,1,0,1,0,0,0,0,0,0,0,0,0,0,1,φροντίδι-ἐλαφˈρ (1)
σους,φρον,0,1,1,0,1,0,0,0,0,0,0,0,0,0,0,φροντίδες-σους (1)
ἐθέλ,φρον,0,1,0,1,0,0,0,0,0,0,0,0,0,0,1,φρονέοντε-ἐθέλ (1)
φρον,φρον,0,0,0,0,0,0,0,0,0,108,0,0,0,0,0,"φροντίσιν-φροντίσιν (0), φροντίδι-φροντίδι (0), φρονέων-φρονέων (0), φρονέῃσι-φρονέῃσι (0), φροντίζω-φροντίζω (0), φροντίδες-φροντίδες (0), φρονεῖ-φρονεῖ (0), φρονέοντε-φρονέοντε (0), φρονέω-φρονέω (0), φροντίς-φροντίς (0), φρονέειν-φρονέειν (0), φρονέοντες-φρονέοντες (0), φροντίδα-φροντίδα (0), φρονέῃς-φρονέῃς (0), φρόντισον-φρόντισον (0), φρόνεον-φρόνεον (0), φρονέουσιν-φρονέουσιν (0), φρονῆι-φρονῆι (0), φρονέοντι-φρονέοντι (0), φρονέοντα-φρονέοντα (0), φρονέουσι-φρονέουσι (0), φρονέεις-φρονέεις (0), φρονέουσα-φρονέουσα (0), φρονεῖν-φρονεῖν (0), φρονεόντων-φρονεόντων (0)"
φρόνιος,φρόνιος,0,0,0,0,0,0,0,0,0,3,0,0,0,0,0,φρονίοιο-φρονίοιο (0)
